Metric,Value
Mean,20.394799993428943
Median,0.0
Mode,0.0
Variance,2447.1959680973478
Skewness,2.3755831996238896
Kurtosis,4.771934285388351
